{
  "model": "RTDETR",
  "metrics": {
    "overall": {
      "precision": 0.0010822510822510823,
      "recall": 0.0006236151100614327,
      "f1_score": 0.000791279094237973,
      "mAP": 0.005933090122264267,
      "total_tp": 47,
      "total_fp": 43381,
      "total_fn": 75320
    },
    "per_class": {
      "2": {
        "precision": 0.0011969676818725894,
        "recall": 0.004220068771491091,
        "tp": 27,
        "fp": 22530,
        "fn": 6371
      },
      "7": {
        "precision": 0.001628001628001628,
        "recall": 0.02214022140221402,
        "tp": 12,
        "fp": 7359,
        "fn": 530
      },
      "0": {
        "precision": 0.0004180602006688963,
        "recall": 1.0,
        "tp": 3,
        "fp": 7173,
        "fn": 0
      },
      "4": {
        "precision": 0.0,
        "recall": 0.0,
        "tp": 0,
        "fp": 11,
        "fn": 28058
      },
      "1": {
        "precision": 0.0,
        "recall": 0.0,
        "tp": 0,
        "fp": 132,
        "fn": 21001
      },
      "11": {
        "precision": 0.0,
        "recall": 0.0,
        "tp": 0,
        "fp": 40,
        "fn": 264
      },
      "6": {
        "precision": 0.0,
        "recall": 0.0,
        "tp": 0,
        "fp": 213,
        "fn": 2658
      },
      "10": {
        "precision": 0.0,
        "recall": 0.0,
        "tp": 0,
        "fp": 5,
        "fn": 5829
      },
      "5": {
        "precision": 0.0011261261261261261,
        "recall": 0.0003466204506065858,
        "tp": 2,
        "fp": 1774,
        "fn": 5768
      },
      "3": {
        "precision": 0.0009263547938860583,
        "recall": 0.0015337423312883436,
        "tp": 2,
        "fp": 2157,
        "fn": 1302
      },
      "8": {
        "precision": 0.0,
        "recall": 0.0,
        "tp": 0,
        "fp": 147,
        "fn": 599
      },
      "59": {
        "precision": 0.0,
        "recall": 0.0,
        "tp": 0,
        "fp": 2,
        "fn": 0
      },
      "67": {
        "precision": 0.0,
        "recall": 0.0,
        "tp": 0,
        "fp": 105,
        "fn": 0
      },
      "9": {
        "precision": 0.0,
        "recall": 0.0,
        "tp": 0,
        "fp": 1136,
        "fn": 2940
      },
      "58": {
        "precision": 0.0,
        "recall": 0.0,
        "tp": 0,
        "fp": 112,
        "fn": 0
      },
      "56": {
        "precision": 0.0,
        "recall": 0.0,
        "tp": 0,
        "fp": 30,
        "fn": 0
      },
      "60": {
        "precision": 0.0,
        "recall": 0.0,
        "tp": 0,
        "fp": 9,
        "fn": 0
      },
      "25": {
        "precision": 0.0,
        "recall": 0.0,
        "tp": 0,
        "fp": 99,
        "fn": 0
      },
      "13": {
        "precision": 0.030303030303030304,
        "recall": 1.0,
        "tp": 1,
        "fp": 32,
        "fn": 0
      },
      "24": {
        "precision": 0.0,
        "recall": 0.0,
        "tp": 0,
        "fp": 18,
        "fn": 0
      },
      "26": {
        "precision": 0.0,
        "recall": 0.0,
        "tp": 0,
        "fp": 103,
        "fn": 0
      },
      "32": {
        "precision": 0.0,
        "recall": 0.0,
        "tp": 0,
        "fp": 10,
        "fn": 0
      },
      "16": {
        "precision": 0.0,
        "recall": 0.0,
        "tp": 0,
        "fp": 5,
        "fn": 0
      },
      "36": {
        "precision": 0.0,
        "recall": 0.0,
        "tp": 0,
        "fp": 3,
        "fn": 0
      },
      "17": {
        "precision": 0.0,
        "recall": 0.0,
        "tp": 0,
        "fp": 6,
        "fn": 0
      },
      "33": {
        "precision": 0.0,
        "recall": 0.0,
        "tp": 0,
        "fp": 2,
        "fn": 0
      },
      "74": {
        "precision": 0.0,
        "recall": 0.0,
        "tp": 0,
        "fp": 48,
        "fn": 0
      },
      "62": {
        "precision": 0.0,
        "recall": 0.0,
        "tp": 0,
        "fp": 44,
        "fn": 0
      },
      "28": {
        "precision": 0.0,
        "recall": 0.0,
        "tp": 0,
        "fp": 29,
        "fn": 0
      },
      "12": {
        "precision": 0.0,
        "recall": 0.0,
        "tp": 0,
        "fp": 6,
        "fn": 0
      },
      "14": {
        "precision": 0.0,
        "recall": 0.0,
        "tp": 0,
        "fp": 7,
        "fn": 0
      },
      "19": {
        "precision": 0.0,
        "recall": 0.0,
        "tp": 0,
        "fp": 7,
        "fn": 0
      },
      "61": {
        "precision": 0.0,
        "recall": 0.0,
        "tp": 0,
        "fp": 1,
        "fn": 0
      },
      "52": {
        "precision": 0.0,
        "recall": 0.0,
        "tp": 0,
        "fp": 1,
        "fn": 0
      },
      "38": {
        "precision": 0.0,
        "recall": 0.0,
        "tp": 0,
        "fp": 7,
        "fn": 0
      },
      "35": {
        "precision": 0.0,
        "recall": 0.0,
        "tp": 0,
        "fp": 1,
        "fn": 0
      },
      "23": {
        "precision": 0.0,
        "recall": 0.0,
        "tp": 0,
        "fp": 1,
        "fn": 0
      },
      "64": {
        "precision": 0.0,
        "recall": 0.0,
        "tp": 0,
        "fp": 1,
        "fn": 0
      },
      "15": {
        "precision": 0.0,
        "recall": 0.0,
        "tp": 0,
        "fp": 1,
        "fn": 0
      },
      "69": {
        "precision": 0.0,
        "recall": 0.0,
        "tp": 0,
        "fp": 1,
        "fn": 0
      },
      "41": {
        "precision": 0.0,
        "recall": 0.0,
        "tp": 0,
        "fp": 1,
        "fn": 0
      },
      "46": {
        "precision": 0.0,
        "recall": 0.0,
        "tp": 0,
        "fp": 1,
        "fn": 0
      },
      "65": {
        "precision": 0.0,
        "recall": 0.0,
        "tp": 0,
        "fp": 3,
        "fn": 0
      },
      "50": {
        "precision": 0.0,
        "recall": 0.0,
        "tp": 0,
        "fp": 8,
        "fn": 0
      }
    }
  },
  "small_object_analysis": {
    "predictions": {
      "medium": {
        "total_detections": 7085,
        "mean_confidence": 0.5262220586448297,
        "std_confidence": 0.2169188353262168,
        "mean_area": 2381.0077574251663,
        "median_area": 1797.2854367885739,
        "mean_aspect_ratio": 1.1998068258521823
      },
      "small": {
        "total_detections": 35924,
        "mean_confidence": 0.40714299495379336,
        "std_confidence": 0.14771618176532034,
        "mean_area": 310.4165010654197,
        "median_area": 225.14145728677977,
        "mean_aspect_ratio": 0.9982113440328588
      },
      "large": {
        "total_detections": 419,
        "mean_confidence": 0.4744402954714964,
        "std_confidence": 0.21592649262135905,
        "mean_area": 28797.76138921458,
        "median_area": 15852.887910766527,
        "mean_aspect_ratio": 1.4400095551173402
      }
    },
    "thresholds": {
      "small": "< 32x32",
      "medium": "32x32 to 96x96",
      "large": "> 96x96"
    },
    "ground_truth": {
      "medium": 22013,
      "small": 50915,
      "large": 2439
    },
    "detection_rates": {
      "medium": {
        "ground_truth_count": 22013,
        "detection_count": 7085,
        "detection_rate": 0.3218552673420252
      },
      "small": {
        "ground_truth_count": 50915,
        "detection_count": 35924,
        "detection_rate": 0.7055681037022489
      },
      "large": {
        "ground_truth_count": 2439,
        "detection_count": 419,
        "detection_rate": 0.17179171791717918
      }
    }
  },
  "inference_stats": {
    "total_images": 1610,
    "total_detections": 43428,
    "avg_detections_per_image": 26.973913043478262,
    "total_inference_time": 3630.0006358623505,
    "avg_time_per_image": 2.254658780038727,
    "fps": 0.44352609310701263
  },
  "num_images": 1610,
  "num_predictions": 1602
}