{
  "model": "YOLO",
  "metrics": {
    "overall": {
      "precision": 0.0025815217391304346,
      "recall": 0.00025209972534398343,
      "f1_score": 0.0004593421736555176,
      "mAP": 0.003670046584086948,
      "total_tp": 19,
      "total_fp": 7341,
      "total_fn": 75348
    },
    "per_class": {
      "2": {
        "precision": 0.0030272452068617556,
        "recall": 0.002347417840375587,
        "tp": 15,
        "fp": 4940,
        "fn": 6375
      },
      "8": {
        "precision": 0.0,
        "recall": 0.0,
        "tp": 0,
        "fp": 73,
        "fn": 599
      },
      "7": {
        "precision": 0.007194244604316547,
        "recall": 0.0037593984962406013,
        "tp": 2,
        "fp": 276,
        "fn": 530
      },
      "4": {
        "precision": 0.0,
        "recall": 0.0,
        "tp": 0,
        "fp": 11,
        "fn": 28068
      },
      "1": {
        "precision": 0.0,
        "recall": 0.0,
        "tp": 0,
        "fp": 3,
        "fn": 21004
      },
      "11": {
        "precision": 0.0,
        "recall": 0.0,
        "tp": 0,
        "fp": 2,
        "fn": 264
      },
      "6": {
        "precision": 0.0036496350364963502,
        "recall": 0.0003762227238525207,
        "tp": 1,
        "fp": 273,
        "fn": 2657
      },
      "10": {
        "precision": 0.0,
        "recall": 0.0,
        "tp": 0,
        "fp": 3,
        "fn": 5840
      },
      "5": {
        "precision": 0.0,
        "recall": 0.0,
        "tp": 0,
        "fp": 203,
        "fn": 5769
      },
      "9": {
        "precision": 0.0,
        "recall": 0.0,
        "tp": 0,
        "fp": 37,
        "fn": 2940
      },
      "3": {
        "precision": 0.0,
        "recall": 0.0,
        "tp": 0,
        "fp": 28,
        "fn": 1302
      },
      "0": {
        "precision": 0.0008090614886731392,
        "recall": 1.0,
        "tp": 1,
        "fp": 1235,
        "fn": 0
      },
      "25": {
        "precision": 0.0,
        "recall": 0.0,
        "tp": 0,
        "fp": 27,
        "fn": 0
      },
      "73": {
        "precision": 0.0,
        "recall": 0.0,
        "tp": 0,
        "fp": 7,
        "fn": 0
      },
      "30": {
        "precision": 0.0,
        "recall": 0.0,
        "tp": 0,
        "fp": 1,
        "fn": 0
      },
      "58": {
        "precision": 0.0,
        "recall": 0.0,
        "tp": 0,
        "fp": 24,
        "fn": 0
      },
      "74": {
        "precision": 0.0,
        "recall": 0.0,
        "tp": 0,
        "fp": 8,
        "fn": 0
      },
      "68": {
        "precision": 0.0,
        "recall": 0.0,
        "tp": 0,
        "fp": 1,
        "fn": 0
      },
      "67": {
        "precision": 0.0,
        "recall": 0.0,
        "tp": 0,
        "fp": 112,
        "fn": 0
      },
      "14": {
        "precision": 0.0,
        "recall": 0.0,
        "tp": 0,
        "fp": 2,
        "fn": 0
      },
      "12": {
        "precision": 0.0,
        "recall": 0.0,
        "tp": 0,
        "fp": 5,
        "fn": 0
      },
      "33": {
        "precision": 0.0,
        "recall": 0.0,
        "tp": 0,
        "fp": 2,
        "fn": 0
      },
      "50": {
        "precision": 0.0,
        "recall": 0.0,
        "tp": 0,
        "fp": 11,
        "fn": 0
      },
      "37": {
        "precision": 0.0,
        "recall": 0.0,
        "tp": 0,
        "fp": 1,
        "fn": 0
      },
      "13": {
        "precision": 0.0,
        "recall": 0.0,
        "tp": 0,
        "fp": 14,
        "fn": 0
      },
      "62": {
        "precision": 0.0,
        "recall": 0.0,
        "tp": 0,
        "fp": 11,
        "fn": 0
      },
      "56": {
        "precision": 0.0,
        "recall": 0.0,
        "tp": 0,
        "fp": 5,
        "fn": 0
      },
      "38": {
        "precision": 0.0,
        "recall": 0.0,
        "tp": 0,
        "fp": 1,
        "fn": 0
      },
      "45": {
        "precision": 0.0,
        "recall": 0.0,
        "tp": 0,
        "fp": 1,
        "fn": 0
      },
      "63": {
        "precision": 0.0,
        "recall": 0.0,
        "tp": 0,
        "fp": 3,
        "fn": 0
      },
      "28": {
        "precision": 0.0,
        "recall": 0.0,
        "tp": 0,
        "fp": 6,
        "fn": 0
      },
      "54": {
        "precision": 0.0,
        "recall": 0.0,
        "tp": 0,
        "fp": 1,
        "fn": 0
      },
      "15": {
        "precision": 0.0,
        "recall": 0.0,
        "tp": 0,
        "fp": 3,
        "fn": 0
      },
      "16": {
        "precision": 0.0,
        "recall": 0.0,
        "tp": 0,
        "fp": 1,
        "fn": 0
      },
      "36": {
        "precision": 0.0,
        "recall": 0.0,
        "tp": 0,
        "fp": 1,
        "fn": 0
      },
      "69": {
        "precision": 0.0,
        "recall": 0.0,
        "tp": 0,
        "fp": 2,
        "fn": 0
      },
      "40": {
        "precision": 0.0,
        "recall": 0.0,
        "tp": 0,
        "fp": 1,
        "fn": 0
      },
      "41": {
        "precision": 0.0,
        "recall": 0.0,
        "tp": 0,
        "fp": 1,
        "fn": 0
      },
      "60": {
        "precision": 0.0,
        "recall": 0.0,
        "tp": 0,
        "fp": 1,
        "fn": 0
      },
      "71": {
        "precision": 0.0,
        "recall": 0.0,
        "tp": 0,
        "fp": 1,
        "fn": 0
      },
      "39": {
        "precision": 0.0,
        "recall": 0.0,
        "tp": 0,
        "fp": 1,
        "fn": 0
      },
      "66": {
        "precision": 0.0,
        "recall": 0.0,
        "tp": 0,
        "fp": 1,
        "fn": 0
      },
      "22": {
        "precision": 0.0,
        "recall": 0.0,
        "tp": 0,
        "fp": 1,
        "fn": 0
      }
    }
  },
  "small_object_analysis": {
    "predictions": {
      "medium": {
        "total_detections": 2286,
        "mean_confidence": 0.5028237075213268,
        "std_confidence": 0.17828101152051776,
        "mean_area": 2521.1918292836913,
        "median_area": 1908.8256667298265,
        "mean_aspect_ratio": 1.1731749411035044
      },
      "small": {
        "total_detections": 4605,
        "mean_confidence": 0.43448084981770263,
        "std_confidence": 0.143066928526949,
        "mean_area": 479.6038002058376,
        "median_area": 443.3319691121578,
        "mean_aspect_ratio": 1.1233567276836713
      },
      "large": {
        "total_detections": 469,
        "mean_confidence": 0.44465323634493326,
        "std_confidence": 0.16478454149987354,
        "mean_area": 98095.66466354231,
        "median_area": 71671.80187886953,
        "mean_aspect_ratio": 1.4004789754717826
      }
    },
    "thresholds": {
      "small": "< 32x32",
      "medium": "32x32 to 96x96",
      "large": "> 96x96"
    },
    "ground_truth": {
      "medium": 22013,
      "small": 50915,
      "large": 2439
    },
    "detection_rates": {
      "medium": {
        "ground_truth_count": 22013,
        "detection_count": 2286,
        "detection_rate": 0.10384772634352428
      },
      "small": {
        "ground_truth_count": 50915,
        "detection_count": 4605,
        "detection_rate": 0.09044485907885692
      },
      "large": {
        "ground_truth_count": 2439,
        "detection_count": 469,
        "detection_rate": 0.1922919229192292
      }
    }
  },
  "inference_stats": {
    "total_images": 1610,
    "total_detections": 7360,
    "avg_detections_per_image": 4.571428571428571,
    "total_inference_time": 554.4662630558014,
    "avg_time_per_image": 0.3443889832644729,
    "fps": 2.9036933484949827
  },
  "num_images": 1610,
  "num_predictions": 1189
}